{"cameraMode":{"drawMode":0,"name":"Shaded","section":"Shading Mode"},"sceneLighting":false,"audioPlay":false,"sceneViewState":{"showFog":true,"showMaterialUpdate":false,"showSkybox":false,"showFlares":true,"showImageEffects":true,"showParticleSystems":true},"in2DMode":false,"pivot":{"x":0.11985945701599121,"y":-0.4306299686431885,"z":0.1373421549797058},"rotation":{"x":-0.2738683521747589,"y":0.6968997120857239,"z":-0.3330465853214264,"w":-0.5730695128440857},"size":1.09195077419281,"orthographic":false}